{
    "0-19": 0.05859375,
    "20-29": 0.1484375,
    "30-39": 0.1484375,
    "40-49": 0.140625,
    "50-59": 0.16015625,
    "60-69": 0.12890625,
    "70-79": 0.078125,
    "80+": 0.12890625
}