{
    "0-19": 0.109375,
    "20-29": 0.12890625,
    "30-39": 0.27734375,
    "40-49": 0.15625,
    "50-59": 0.12890625,
    "60-69": 0.06640625,
    "70-79": 0.046875,
    "80+": 0.06640625
}