{
    "4-year": {
        "Began in 2011": 0.87890625,
        "Began in 2013": 0.76953125
    },
    "6-year": {
        "Began in 2011": 0.82421875,
        "Began in 2013": 0.95703125
    },
    "8-year": {
        "Began in 2011": 0.92578125,
        "Began in 2013": 0
    }
}