{
    "4-year": {
        "Began in 2011": 0.40625,
        "Began in 2013": 0.421875
    },
    "6-year": {
        "Began in 2011": 0.43359375,
        "Began in 2013": 0.44140625
    },
    "8-year": {
        "Began in 2011": 0.87890625,
        "Began in 2013": 0
    }
}